{"records": [
    {
        "jsonSchemaLocation": "/Cts.Bian.SavingAccountService/Service Descriptors/SavingsAccount_v2_API.json",
        "conversionType": "generated",
        "xsdSchemaTargetNamespace": "/savings-account/v2/T1593777166874Converted/JsonSchema"
    },
    {
        "jsonSchemaLocation": "/Cts.Bian.SavingAccountService/Service Descriptors/SavingsAccount_v2_API.json",
        "conversionType": "generated",
        "xsdSchemaTargetNamespace": "/savings-account/v2/T1593778119584Converted/JsonSchema"
    }
]}